{"cameraMode":{"drawMode":0,"name":"Shaded","section":"Shading Mode"},"sceneLighting":false,"audioPlay":false,"sceneViewState":{"m_AlwaysRefresh":false,"showFog":true,"showSkybox":false,"showFlares":true,"showImageEffects":true,"showParticleSystems":true,"showVisualEffectGraphs":true,"m_FxEnabled":true},"in2DMode":false,"pivot":{"x":3.5762786865234377e-7,"y":1.7947394847869874,"z":-0.15739727020263673},"rotation":{"x":0.00899840984493494,"y":-0.01799829490482807,"z":0.00016198646335396916,"w":0.9997977018356323},"size":4.4877400398254398,"orthographic":true}