{"cameraMode":{"drawMode":0,"name":"Shaded","section":"Shading Mode"},"sceneLighting":true,"audioPlay":false,"sceneViewState":{"m_AlwaysRefresh":false,"showFog":true,"showSkybox":true,"showFlares":true,"showImageEffects":true,"showParticleSystems":true,"showVisualEffectGraphs":true,"m_FxEnabled":true},"in2DMode":false,"pivot":{"x":10.402484893798829,"y":0.12580084800720216,"z":14.044142723083496},"rotation":{"x":-0.06813083589076996,"y":0.9100271463394165,"z":-0.1658882349729538,"w":-0.37375128269195559},"size":29.895376205444337,"orthographic":false}