{"cameraMode":{"drawMode":0,"name":"Shaded","section":"Shading Mode"},"sceneLighting":true,"audioPlay":false,"sceneViewState":{"m_AlwaysRefresh":false,"showFog":true,"showSkybox":true,"showFlares":true,"showImageEffects":true,"showParticleSystems":true,"showVisualEffectGraphs":true,"m_FxEnabled":true},"in2DMode":false,"pivot":{"x":0.11559295654296875,"y":1.1128981113433838,"z":-15.981948852539063},"rotation":{"x":-0.0145344203338027,"y":-0.9324579834938049,"z":0.03776583448052406,"w":-0.3590492606163025},"size":22.317508697509767,"orthographic":false}