{"cameraMode":{"drawMode":0,"name":"Shaded","section":"Shading Mode"},"sceneLighting":true,"audioPlay":false,"sceneViewState":{"m_AlwaysRefresh":false,"showFog":true,"showSkybox":true,"showFlares":true,"showImageEffects":true,"showParticleSystems":true,"showVisualEffectGraphs":true,"m_FxEnabled":true},"in2DMode":false,"pivot":{"x":1.0282833576202393,"y":2.6518805027008058,"z":3.117936372756958},"rotation":{"x":-0.14099910855293275,"y":-0.01046609878540039,"z":0.0014898732770234347,"w":-0.989966869354248},"size":21.694080352783204,"orthographic":false}