{"cameraMode":{"drawMode":0,"name":"Shaded","section":"Shading Mode"},"sceneLighting":true,"audioPlay":false,"sceneViewState":{"m_AlwaysRefresh":false,"showFog":true,"showSkybox":true,"showFlares":true,"showImageEffects":true,"showParticleSystems":true,"showVisualEffectGraphs":true,"m_FxEnabled":true},"in2DMode":false,"pivot":{"x":29.33768081665039,"y":1.5382957458496094,"z":33.823883056640628},"rotation":{"x":-0.09765400737524033,"y":-0.18115238845348359,"z":0.018079709261655809,"w":-0.9784392714500427},"size":42.481536865234378,"orthographic":false}