{"cameraMode":{"drawMode":0,"name":"Shaded","section":"Shading Mode"},"sceneLighting":false,"audioPlay":false,"sceneViewState":{"m_AlwaysRefresh":false,"showFog":true,"showSkybox":false,"showFlares":true,"showImageEffects":true,"showParticleSystems":true,"showVisualEffectGraphs":true,"m_FxEnabled":true},"in2DMode":false,"pivot":{"x":-14.38338565826416,"y":8.074309349060059,"z":-7.553963661193848},"rotation":{"x":0.00899840984493494,"y":-0.01799829490482807,"z":0.00016198646335396916,"w":0.9997977018356323},"size":0.8660253882408142,"orthographic":true}