{"cameraMode":{"drawMode":0,"name":"Shaded","section":"Shading Mode"},"sceneLighting":false,"audioPlay":false,"sceneViewState":{"m_AlwaysRefresh":false,"showFog":true,"showSkybox":false,"showFlares":true,"showImageEffects":true,"showParticleSystems":true,"showVisualEffectGraphs":true,"m_FxEnabled":true},"in2DMode":false,"pivot":{"x":3.5762786865234377e-7,"y":1.7947394847869874,"z":-0.15739727020263673},"rotation":{"x":-0.5123697519302368,"y":-0.07086972147226334,"z":0.04251839593052864,"w":-0.8548136949539185},"size":4.595548629760742,"orthographic":false}