{"cameraMode":{"drawMode":0,"name":"Shaded","section":"Shading Mode"},"sceneLighting":true,"audioPlay":false,"sceneViewState":{"m_AlwaysRefresh":false,"showFog":true,"showSkybox":true,"showFlares":true,"showImageEffects":true,"showParticleSystems":true,"showVisualEffectGraphs":true,"m_FxEnabled":true},"in2DMode":false,"pivot":{"x":173.3277130126953,"y":-60.394386291503909,"z":39.443809509277347},"rotation":{"x":-0.11632499098777771,"y":-0.6467449069023132,"z":0.10071056336164475,"w":-0.7470309734344482},"size":111.75157928466797,"orthographic":false}