{"cameraMode":{"drawMode":0,"name":"Shaded","section":"Shading Mode"},"sceneLighting":true,"audioPlay":false,"sceneViewState":{"m_AlwaysRefresh":false,"showFog":true,"showSkybox":true,"showFlares":true,"showImageEffects":true,"showParticleSystems":true,"showVisualEffectGraphs":true,"m_FxEnabled":true},"in2DMode":false,"pivot":{"x":1.0282833576202393,"y":2.6518805027008058,"z":3.117936372756958},"rotation":{"x":-0.021979136392474176,"y":-0.9481411576271057,"z":0.06725087761878967,"w":-0.30988919734954836},"size":7.321981906890869,"orthographic":false}