{"cameraMode":{"drawMode":0,"name":"Shaded","section":"Shading Mode"},"sceneLighting":true,"audioPlay":false,"sceneViewState":{"m_AlwaysRefresh":false,"showFog":true,"showSkybox":true,"showFlares":true,"showImageEffects":true,"showParticleSystems":true,"showVisualEffectGraphs":true,"m_FxEnabled":true},"in2DMode":false,"pivot":{"x":75.40674591064453,"y":11.772246360778809,"z":74.19564819335938},"rotation":{"x":0.004022650886327028,"y":-0.9900394678115845,"z":0.13781243562698365,"w":0.028820808976888658},"size":4.149169445037842,"orthographic":false}