{"cameraMode":{"drawMode":0,"name":"Shaded","section":"Shading Mode"},"sceneLighting":true,"audioPlay":false,"sceneViewState":{"m_AlwaysRefresh":false,"showFog":true,"showSkybox":true,"showFlares":true,"showImageEffects":true,"showParticleSystems":true,"showVisualEffectGraphs":true,"m_FxEnabled":true},"in2DMode":false,"pivot":{"x":195.86880493164063,"y":168.36785888671876,"z":91.44404602050781},"rotation":{"x":0.09061820060014725,"y":-0.47773295640945437,"z":0.04962264746427536,"w":0.8724091649055481},"size":302.00006103515627,"orthographic":true}