{"cameraMode":{"drawMode":0,"name":"Shaded","section":"Shading Mode"},"sceneLighting":true,"audioPlay":false,"sceneViewState":{"m_AlwaysRefresh":false,"showFog":true,"showSkybox":true,"showFlares":true,"showImageEffects":true,"showParticleSystems":true,"showVisualEffectGraphs":true,"m_FxEnabled":true},"in2DMode":false,"pivot":{"x":256.13580322265627,"y":182.76771545410157,"z":187.8332977294922},"rotation":{"x":0.00899840984493494,"y":-0.01799829490482807,"z":0.00016198646335396916,"w":0.9997977018356323},"size":264.6416320800781,"orthographic":true}