{"cameraMode":{"drawMode":0,"name":"Shaded","section":"Shading Mode"},"sceneLighting":true,"audioPlay":false,"sceneViewState":{"m_AlwaysRefresh":false,"showFog":true,"showSkybox":true,"showFlares":true,"showImageEffects":true,"showParticleSystems":true,"showVisualEffectGraphs":true,"m_FxEnabled":true},"in2DMode":false,"pivot":{"x":256.13580322265627,"y":182.76771545410157,"z":187.8332977294922},"rotation":{"x":0.03860309347510338,"y":-0.1404263973236084,"z":0.005479447077959776,"w":0.989323079586029},"size":264.6416320800781,"orthographic":true}